{"assets/colors/0_111_60.png":["assets/colors/0_111_60.png"],"assets/colors/182_20_44.png":["assets/colors/182_20_44.png"],"assets/colors/231_126_78.png":["assets/colors/231_126_78.png"],"assets/colors/249_167_62.png":["assets/colors/249_167_62.png"],"assets/colors/3_160_176.png":["assets/colors/3_160_176.png"],"packages/cupertino_icons/assets/CupertinoIcons.ttf":["packages/cupertino_icons/assets/CupertinoIcons.ttf"],"fonts/khmer/Hanuman-Bold.ttf":["fonts/khmer/Hanuman-Bold.ttf"],"fonts/khmer/Hanuman-Regular.ttf":["fonts/khmer/Hanuman-Regular.ttf"],"fonts/Quicksand-Bold.ttf":["fonts/Quicksand-Bold.ttf"],"fonts/Quicksand-Medium.ttf":["fonts/Quicksand-Medium.ttf"],"fonts/Raleway-Italic.ttf":["fonts/Raleway-Italic.ttf"],"fonts/Raleway-Regular.ttf":["fonts/Raleway-Regular.ttf"],"assets/graphics/Twitter_Logo_Blue.png":["assets/graphics/Twitter_Logo_Blue.png"],"assets/app_splash.png":["assets/app_splash.png"],"assets/graphics/apple_logo_black.png":["assets/graphics/apple_logo_black.png"],"assets/graphics/apple_logo_white.png":["assets/graphics/apple_logo_white.png"],"assets/home/arduino_doc.png":["assets/home/arduino_doc.png"],"assets/arduino_logo.png":["assets/arduino_logo.png"],"assets/ball_appBar.png":["assets/ball_appBar.png"],"assets/home/ball_shooter.png":["assets/home/ball_shooter.png"],"assets/profiles/bot1.png":["assets/profiles/bot1.png"],"assets/profiles/bot2.png":["assets/profiles/bot2.png"],"assets/carR_appBar.png":["assets/carR_appBar.png"],"assets/home/car_runner.png":["assets/home/car_runner.png"],"assets/erobotlogo.png":["assets/erobotlogo.png"],"packages/font_awesome_flutter/lib/fonts/fa-brands-400.ttf":["packages/font_awesome_flutter/lib/fonts/fa-brands-400.ttf"],"packages/font_awesome_flutter/lib/fonts/fa-regular-400.ttf":["packages/font_awesome_flutter/lib/fonts/fa-regular-400.ttf"],"packages/font_awesome_flutter/lib/fonts/fa-solid-900.ttf":["packages/font_awesome_flutter/lib/fonts/fa-solid-900.ttf"],"assets/graphics/flogo-HexRBG-Wht-100.png":["assets/graphics/flogo-HexRBG-Wht-100.png"],"assets/graphics/google-logo.png":["assets/graphics/google-logo.png"],"assets/home/ir_controller.png":["assets/home/ir_controller.png"],"assets/profiles/kosal.png":["assets/profiles/kosal.png"],"assets/profiles/leangsiv.png":["assets/profiles/leangsiv.png"],"assets/mdi_bluetooth.png":["assets/mdi_bluetooth.png"],"assets/graphics/ms-symbollockup_mssymbol_19.png":["assets/graphics/ms-symbollockup_mssymbol_19.png"],"assets/home/our_team.png":["assets/home/our_team.png"],"assets/events/pnc.png":["assets/events/pnc.png"],"assets/profiles/seyha.png":["assets/profiles/seyha.png"],"assets/events/smart.png":["assets/events/smart.png"],"assets/events/stem.png":["assets/events/stem.png"]}