[{"family":"MaterialIcons","fonts":[{"asset":"fonts/MaterialIcons-Regular.ttf"}]},{"family":"Raleway","fonts":[{"asset":"fonts/Raleway-Regular.ttf"},{"style":"italic","asset":"fonts/Raleway-Italic.ttf"}]},{"family":"Quicksand","fonts":[{"asset":"fonts/Quicksand-Bold.ttf"},{"weight":700,"asset":"fonts/Quicksand-Medium.ttf"}]},{"family":"Hanuman","fonts":[{"asset":"fonts/khmer/Hanuman-Regular.ttf"},{"weight":700,"asset":"fonts/khmer/Hanuman-Bold.ttf"}]},{"family":"packages/cupertino_icons/CupertinoIcons","fonts":[{"asset":"packages/cupertino_icons/assets/CupertinoIcons.ttf"}]},{"family":"packages/font_awesome_flutter/FontAwesomeBrands","fonts":[{"weight":400,"asset":"packages/font_awesome_flutter/lib/fonts/fa-brands-400.ttf"}]},{"family":"packages/font_awesome_flutter/FontAwesomeRegular","fonts":[{"weight":400,"asset":"packages/font_awesome_flutter/lib/fonts/fa-regular-400.ttf"}]},{"family":"packages/font_awesome_flutter/FontAwesomeSolid","fonts":[{"weight":900,"asset":"packages/font_awesome_flutter/lib/fonts/fa-solid-900.ttf"}]}]